{"cameraMode":{"drawMode":0,"name":"Shaded","section":"Shading Mode"},"sceneLighting":false,"audioPlay":false,"sceneViewState":{"showFog":true,"showMaterialUpdate":false,"showSkybox":false,"showFlares":true,"showImageEffects":true,"showParticleSystems":true,"showVisualEffectGraphs":true,"m_FxEnabled":true},"in2DMode":false,"pivot":{"x":17.37680435180664,"y":5.1844635009765629,"z":0.10132598876953125},"rotation":{"x":0.04112854227423668,"y":0.16174106299877168,"z":0.006746766623109579,"w":-0.9859535098075867},"size":12.610838890075684,"orthographic":false}