{"cameraMode":{"drawMode":0,"name":"Shaded","section":"Shading Mode"},"sceneLighting":false,"audioPlay":false,"sceneViewState":{"showFog":true,"showMaterialUpdate":false,"showSkybox":false,"showFlares":true,"showImageEffects":true,"showParticleSystems":true,"showVisualEffectGraphs":true,"m_FxEnabled":true},"in2DMode":false,"pivot":{"x":5.247369289398193,"y":2.3352105617523195,"z":-6.669565677642822},"rotation":{"x":-0.26662883162498476,"y":0.052892234176397327,"z":-0.014654607512056828,"w":-0.9622405767440796},"size":0.2609875202178955,"orthographic":false}