{"cameraMode":{"drawMode":0,"name":"Shaded","section":"Shading Mode"},"sceneLighting":true,"audioPlay":false,"sceneViewState":{"showFog":true,"showMaterialUpdate":false,"showSkybox":true,"showFlares":true,"showImageEffects":true,"showParticleSystems":true,"showVisualEffectGraphs":true,"m_FxEnabled":true},"in2DMode":false,"pivot":{"x":-7.316310882568359,"y":12.188241958618164,"z":14.137638092041016},"rotation":{"x":0.2285557985305786,"y":-0.0761551558971405,"z":0.017944084480404855,"w":0.9704049229621887},"size":37.419559478759769,"orthographic":false}