{"cameraMode":{"drawMode":0,"name":"Shaded","section":"Shading Mode"},"sceneLighting":true,"audioPlay":false,"sceneViewState":{"showFog":true,"showMaterialUpdate":false,"showSkybox":true,"showFlares":true,"showImageEffects":true,"showParticleSystems":true,"showVisualEffectGraphs":true,"m_FxEnabled":true},"in2DMode":false,"pivot":{"x":3.0177390575408937,"y":0.18445248901844026,"z":1.3016648292541505},"rotation":{"x":0.1471278816461563,"y":-0.24357976019382478,"z":0.037415698170661929,"w":0.9579335451126099},"size":6.828096389770508,"orthographic":false}