{"cameraMode":{"drawMode":0,"name":"Shaded","section":"Shading Mode"},"sceneLighting":false,"audioPlay":false,"sceneViewState":{"showFog":true,"showMaterialUpdate":false,"showSkybox":false,"showFlares":true,"showImageEffects":true,"showParticleSystems":true,"showVisualEffectGraphs":true,"m_FxEnabled":true},"in2DMode":false,"pivot":{"x":171.4822540283203,"y":164.98614501953126,"z":224.76490783691407},"rotation":{"x":0.052269432693719867,"y":-0.6885778903961182,"z":0.04987606778740883,"w":0.7215709090232849},"size":29.156475067138673,"orthographic":false}